"RowID","Username","LoginTS"
"1","macaf06@gmail.com",1736024800
"2","macaf06@gmail.com",1736359433
"3","macaf06@gmail.com",1736693672
"4","macaf06@gmail.com",1737028633
"5","macaf06@gmail.com",1737363224
"6","macaf06@gmail.com",1737698164
"7","macaf06@gmail.com",1738032839
"8","macaf06@gmail.com",1738367759
"9","lorna23@outlook.com",1735752339
"10","lorna23@outlook.com",1735814049
"11","lorna23@outlook.com",1735876090
"12","lorna23@outlook.com",1735938989
"13","lorna23@outlook.com",1736000860
"14","lorna23@outlook.com",1736062865
"15","lorna23@outlook.com",1736125631
"16","lorna23@outlook.com",1736187553
"17","lorna23@outlook.com",1736250497
"18","lorna23@outlook.com",1736312767
"19","lorna23@outlook.com",1736375212
"20","lorna23@outlook.com",1736437168
"21","lorna23@outlook.com",1736498992
"22","lorna23@outlook.com",1736562006
"23","lorna23@outlook.com",1736624286
"24","lorna23@outlook.com",1736686562
"25","lorna23@outlook.com",1736748294
"26","lorna23@outlook.com",1736810880
"27","lorna23@outlook.com",1736873165
"28","lorna23@outlook.com",1736935773
"29","lorna23@outlook.com",1736997868
"30","lorna23@outlook.com",1737060270
"31","lorna23@outlook.com",1737121871
"32","lorna23@outlook.com",1737184336
"33","lorna23@outlook.com",1737246898
"34","lorna23@outlook.com",1737308805
"35","lorna23@outlook.com",1737371843
"36","lorna23@outlook.com",1737433932
"37","lorna23@outlook.com",1737495850
"38","lorna23@outlook.com",1737557869
"39","lorna23@outlook.com",1737620563
"40","lorna23@outlook.com",1737683017
"41","lorna23@outlook.com",1737744660
"42","lorna23@outlook.com",1737806949
"43","lorna23@outlook.com",1737869310
"44","lorna23@outlook.com",1737931841
"45","lorna23@outlook.com",1737993916
"46","lorna23@outlook.com",1738056628
"47","lorna23@outlook.com",1738118401
"48","lorna23@outlook.com",1738180810
"49","lorna23@outlook.com",1738243571
"50","lorna23@outlook.com",1738305744
"51","lorna23@outlook.com",1738368460
"52","short.77.brisket@icloud.com",1735810954
"53","short.77.brisket@icloud.com",1735933151
"54","short.77.brisket@icloud.com",1736054984
"55","short.77.brisket@icloud.com",1736176783
"56","short.77.brisket@icloud.com",1736297942
"57","short.77.brisket@icloud.com",1736420516
"58","short.77.brisket@icloud.com",1736542204
"59","short.77.brisket@icloud.com",1736663272
"60","short.77.brisket@icloud.com",1736785014
"61","short.77.brisket@icloud.com",1736907288
"62","short.77.brisket@icloud.com",1737028846
"63","short.77.brisket@icloud.com",1737150824
"64","short.77.brisket@icloud.com",1737272753
"65","short.77.brisket@icloud.com",1737394492
"66","short.77.brisket@icloud.com",1737515362
"67","short.77.brisket@icloud.com",1737637518
"68","short.77.brisket@icloud.com",1737758947
"69","short.77.brisket@icloud.com",1737881315
"70","short.77.brisket@icloud.com",1738002754
"71","short.77.brisket@icloud.com",1738124486
"72","short.77.brisket@icloud.com",1738246323
"73","short.77.brisket@icloud.com",1738367941
"74","norestashley@yahoo.com",1735792652
"75","norestashley@yahoo.com",1735896084
"76","norestashley@yahoo.com",1735999111
"77","norestashley@yahoo.com",1736102038
"78","norestashley@yahoo.com",1736204856
"79","norestashley@yahoo.com",1736307824
"80","norestashley@yahoo.com",1736410332
"81","norestashley@yahoo.com",1736513401
"82","norestashley@yahoo.com",1736616610
"83","norestashley@yahoo.com",1736719937
"84","norestashley@yahoo.com",1736823244
"85","norestashley@yahoo.com",1736925780
"86","norestashley@yahoo.com",1737029054
"87","norestashley@yahoo.com",1737131837
"88","norestashley@yahoo.com",1737234596
"89","norestashley@yahoo.com",1737337939
"90","norestashley@yahoo.com",1737440485
"91","norestashley@yahoo.com",1737543999
"92","norestashley@yahoo.com",1737646776
"93","norestashley@yahoo.com",1737749795
"94","norestashley@yahoo.com",1737852765
"95","norestashley@yahoo.com",1737956323
"96","norestashley@yahoo.com",1738058489
"97","norestashley@yahoo.com",1738162394
"98","norestashley@yahoo.com",1738264904
"99","norestashley@yahoo.com",1738367753
"100","browneagle@flock.com",1735846938
"101","browneagle@flock.com",1736005011
"102","browneagle@flock.com",1736162354
"103","browneagle@flock.com",1736319642
"104","browneagle@flock.com",1736477458
"105","browneagle@flock.com",1736634661
"106","browneagle@flock.com",1736792716
"107","browneagle@flock.com",1736949818
"108","browneagle@flock.com",1737108055
"109","browneagle@flock.com",1737265071
"110","browneagle@flock.com",1737422293
"111","browneagle@flock.com",1737579780
"112","browneagle@flock.com",1737737597
"113","browneagle@flock.com",1737895639
"114","browneagle@flock.com",1738052926
"115","browneagle@flock.com",1738210550
"116","browneagle@flock.com",1738367791
"117","ellistheotter@gmail.com",1735765670
"118","ellistheotter@gmail.com",1735842729
"119","ellistheotter@gmail.com",1735918957
"120","ellistheotter@gmail.com",1735996046
"121","ellistheotter@gmail.com",1736072436
"122","ellistheotter@gmail.com",1736148670
"123","ellistheotter@gmail.com",1736225230
"124","ellistheotter@gmail.com",1736301379
"125","ellistheotter@gmail.com",1736378413
"126","ellistheotter@gmail.com",1736455303
"127","ellistheotter@gmail.com",1736531238
"128","ellistheotter@gmail.com",1736608274
"129","ellistheotter@gmail.com",1736684583
"130","ellistheotter@gmail.com",1736760841
"131","ellistheotter@gmail.com",1736837479
"132","ellistheotter@gmail.com",1736914420
"133","ellistheotter@gmail.com",1736990637
"134","ellistheotter@gmail.com",1737066612
"135","ellistheotter@gmail.com",1737143963
"136","ellistheotter@gmail.com",1737220103
"137","ellistheotter@gmail.com",1737296703
"138","ellistheotter@gmail.com",1737373319
"139","ellistheotter@gmail.com",1737450092
"140","ellistheotter@gmail.com",1737526349
"141","ellistheotter@gmail.com",1737602271
"142","ellistheotter@gmail.com",1737679469
"143","ellistheotter@gmail.com",1737755505
"144","ellistheotter@gmail.com",1737831994
"145","ellistheotter@gmail.com",1737908760
"146","ellistheotter@gmail.com",1737984880
"147","ellistheotter@gmail.com",1738062008
"148","ellistheotter@gmail.com",1738138807
"149","ellistheotter@gmail.com",1738215022
"150","ellistheotter@gmail.com",1738291186
"151","ellistheotter@gmail.com",1738367858
"152","rabcnesbitt2@outlook.com",1735830921
"153","rabcnesbitt2@outlook.com",1735971901
"154","rabcnesbitt2@outlook.com",1736112224
"155","rabcnesbitt2@outlook.com",1736253821
"156","rabcnesbitt2@outlook.com",1736394720
"157","rabcnesbitt2@outlook.com",1736535649
"158","rabcnesbitt2@outlook.com",1736676534
"159","rabcnesbitt2@outlook.com",1736817699
"160","rabcnesbitt2@outlook.com",1736958010
"161","rabcnesbitt2@outlook.com",1737099604
"162","rabcnesbitt2@outlook.com",1737240695
"163","rabcnesbitt2@outlook.com",1737381170
"164","rabcnesbitt2@outlook.com",1737522362
"165","rabcnesbitt2@outlook.com",1737662923
"166","rabcnesbitt2@outlook.com",1737804075
"167","rabcnesbitt2@outlook.com",1737944638
"168","rabcnesbitt2@outlook.com",1738086212
"169","rabcnesbitt2@outlook.com",1738227017
"170","rabcnesbitt2@outlook.com",1738368124
"171","supercharge@icloud.com",1735776268
"172","supercharge@icloud.com",1735862235
"173","supercharge@icloud.com",1735948505
"174","supercharge@icloud.com",1736034991
"175","supercharge@icloud.com",1736121652
"176","supercharge@icloud.com",1736208010
"177","supercharge@icloud.com",1736294400
"178","supercharge@icloud.com",1736380301
"179","supercharge@icloud.com",1736466755
"180","supercharge@icloud.com",1736553687
"181","supercharge@icloud.com",1736640253
"182","supercharge@icloud.com",1736726478
"183","supercharge@icloud.com",1736812700
"184","supercharge@icloud.com",1736899026
"185","supercharge@icloud.com",1736985534
"186","supercharge@icloud.com",1737071595
"187","supercharge@icloud.com",1737158765
"188","supercharge@icloud.com",1737244726
"189","supercharge@icloud.com",1737331441
"190","supercharge@icloud.com",1737417168
"191","supercharge@icloud.com",1737503870
"192","supercharge@icloud.com",1737590342
"193","supercharge@icloud.com",1737676766
"194","supercharge@icloud.com",1737763195
"195","supercharge@icloud.com",1737849922
"196","supercharge@icloud.com",1737936296
"197","supercharge@icloud.com",1738022853
"198","supercharge@icloud.com",1738109125
"199","supercharge@icloud.com",1738194771
"200","supercharge@icloud.com",1738281407
"201","supercharge@icloud.com",1738367870
"202","the familywilkie@gmail.com",1735755217
"203","the familywilkie@gmail.com",1735820602
"204","the familywilkie@gmail.com",1735885611
"205","the familywilkie@gmail.com",1735951202
"206","the familywilkie@gmail.com",1736016102
"207","the familywilkie@gmail.com",1736081644
"208","the familywilkie@gmail.com",1736146557
"209","the familywilkie@gmail.com",1736212658
"210","the familywilkie@gmail.com",1736277810
"211","the familywilkie@gmail.com",1736342511
"212","the familywilkie@gmail.com",1736407764
"213","the familywilkie@gmail.com",1736473289
"214","the familywilkie@gmail.com",1736538653
"215","the familywilkie@gmail.com",1736603971
"216","the familywilkie@gmail.com",1736669293
"217","the familywilkie@gmail.com",1736735211
"218","the familywilkie@gmail.com",1736799645
"219","the familywilkie@gmail.com",1736865374
"220","the familywilkie@gmail.com",1736931237
"221","the familywilkie@gmail.com",1736996217
"222","the familywilkie@gmail.com",1737061700
"223","the familywilkie@gmail.com",1737127178
"224","the familywilkie@gmail.com",1737192064
"225","the familywilkie@gmail.com",1737257130
"226","the familywilkie@gmail.com",1737322269
"227","the familywilkie@gmail.com",1737387598
"228","the familywilkie@gmail.com",1737453514
"229","the familywilkie@gmail.com",1737518538
"230","the familywilkie@gmail.com",1737583635
"231","the familywilkie@gmail.com",1737649426
"232","the familywilkie@gmail.com",1737715121
"233","the familywilkie@gmail.com",1737779573
"234","the familywilkie@gmail.com",1737844996
"235","the familywilkie@gmail.com",1737910624
"236","the familywilkie@gmail.com",1737976289
"237","the familywilkie@gmail.com",1738041658
"238","the familywilkie@gmail.com",1738106910
"239","the familywilkie@gmail.com",1738171947
"240","the familywilkie@gmail.com",1738237083
"241","the familywilkie@gmail.com",1738303093
"242","the familywilkie@gmail.com",1738368035
"243","yarrowthemarrow@gmail.com",1735768594
"244","yarrowthemarrow@gmail.com",1735847067
"245","yarrowthemarrow@gmail.com",1735926416
"246","yarrowthemarrow@gmail.com",1736004604
"247","yarrowthemarrow@gmail.com",1736082990
"248","yarrowthemarrow@gmail.com",1736162484
"249","yarrowthemarrow@gmail.com",1736240930
"250","yarrowthemarrow@gmail.com",1736319357
"251","yarrowthemarrow@gmail.com",1736398980
"252","yarrowthemarrow@gmail.com",1736477010
"253","yarrowthemarrow@gmail.com",1736556053
"254","yarrowthemarrow@gmail.com",1736635352
"255","yarrowthemarrow@gmail.com",1736713219
"256","yarrowthemarrow@gmail.com",1736792720
"257","yarrowthemarrow@gmail.com",1736871470
"258","yarrowthemarrow@gmail.com",1736949880
"259","yarrowthemarrow@gmail.com",1737028421
"260","yarrowthemarrow@gmail.com",1737107609
"261","yarrowthemarrow@gmail.com",1737185876
"262","yarrowthemarrow@gmail.com",1737264934
"263","yarrowthemarrow@gmail.com",1737343872
"264","yarrowthemarrow@gmail.com",1737422337
"265","yarrowthemarrow@gmail.com",1737501370
"266","yarrowthemarrow@gmail.com",1737580139
"267","yarrowthemarrow@gmail.com",1737658591
"268","yarrowthemarrow@gmail.com",1737738010
"269","yarrowthemarrow@gmail.com",1737816273
"270","yarrowthemarrow@gmail.com",1737895545
"271","yarrowthemarrow@gmail.com",1737974493
"272","yarrowthemarrow@gmail.com",1738053044
"273","yarrowthemarrow@gmail.com",1738131968
"274","yarrowthemarrow@gmail.com",1738210352
"275","yarrowthemarrow@gmail.com",1738289643
"276","yarrowthemarrow@gmail.com",1738368462
