"RowID","Username","LoginTS"
"1","smithmj45@gmail.com",1735857486
"2","smithmj45@gmail.com",1736024197
"3","smithmj45@gmail.com",1736191638
"4","smithmj45@gmail.com",1736359284
"5","smithmj45@gmail.com",1736526627
"6","smithmj45@gmail.com",1736693738
"7","smithmj45@gmail.com",1736861594
"8","smithmj45@gmail.com",1737028573
"9","smithmj45@gmail.com",1737196061
"10","smithmj45@gmail.com",1737363861
"11","smithmj45@gmail.com",1737530926
"12","smithmj45@gmail.com",1737698723
"13","smithmj45@gmail.com",1737865528
"14","smithmj45@gmail.com",1738032701
"15","smithmj45@gmail.com",1738200682
"16","smithmj45@gmail.com",1738368292
"17","johnsonm01@outlook.com",1735912399
"18","johnsonm01@outlook.com",1736135963
"19","johnsonm01@outlook.com",1736358877
"20","johnsonm01@outlook.com",1736582280
"21","johnsonm01@outlook.com",1736805383
"22","johnsonm01@outlook.com",1737028907
"23","johnsonm01@outlook.com",1737252327
"24","johnsonm01@outlook.com",1737475644
"25","johnsonm01@outlook.com",1737697971
"26","johnsonm01@outlook.com",1737921959
"27","johnsonm01@outlook.com",1738145082
"28","johnsonm01@outlook.com",1738368470
"29","brownmm75@yahoo.com",1736071855
"30","brownmm75@yahoo.com",1736454654
"31","brownmm75@yahoo.com",1736837332
"32","brownmm75@yahoo.com",1737219618
"33","brownmm75@yahoo.com",1737602323
"34","brownmm75@yahoo.com",1737985014
"35","brownmm75@yahoo.com",1738368238
"36","williamsm07@hotmail.com",1735785647
"37","williamsm07@hotmail.com",1735880747
"38","williamsm07@hotmail.com",1735976194
"39","williamsm07@hotmail.com",1736071946
"40","williamsm07@hotmail.com",1736168358
"41","williamsm07@hotmail.com",1736263438
"42","williamsm07@hotmail.com",1736359460
"43","williamsm07@hotmail.com",1736454988
"44","williamsm07@hotmail.com",1736550549
"45","williamsm07@hotmail.com",1736646635
"46","williamsm07@hotmail.com",1736742166
"47","williamsm07@hotmail.com",1736837633
"48","williamsm07@hotmail.com",1736933490
"49","williamsm07@hotmail.com",1737029242
"50","williamsm07@hotmail.com",1737124436
"51","williamsm07@hotmail.com",1737219818
"52","williamsm07@hotmail.com",1737315922
"53","williamsm07@hotmail.com",1737411309
"54","williamsm07@hotmail.com",1737506777
"55","williamsm07@hotmail.com",1737602387
"56","williamsm07@hotmail.com",1737698338
"57","williamsm07@hotmail.com",1737794513
"58","williamsm07@hotmail.com",1737889548
"59","williamsm07@hotmail.com",1737985062
"60","williamsm07@hotmail.com",1738080615
"61","williamsm07@hotmail.com",1738176387
"62","williamsm07@hotmail.com",1738272349
"63","williamsm07@hotmail.com",1738368210
"64","wongmm85@protonmail.com",1735830825
"65","wongmm85@protonmail.com",1735971222
"66","wongmm85@protonmail.com",1736112959
"67","wongmm85@protonmail.com",1736253515
"68","wongmm85@protonmail.com",1736394826
"69","wongmm85@protonmail.com",1736535871
"70","wongmm85@protonmail.com",1736676069
"71","wongmm85@protonmail.com",1736817428
"72","wongmm85@protonmail.com",1736958575
"73","wongmm85@protonmail.com",1737098889
"74","wongmm85@protonmail.com",1737240600
"75","wongmm85@protonmail.com",1737381587
"76","wongmm85@protonmail.com",1737521891
"77","wongmm85@protonmail.com",1737662892
"78","wongmm85@protonmail.com",1737804095
"79","wongmm85@protonmail.com",1737944675
"80","wongmm85@protonmail.com",1738085939
"81","wongmm85@protonmail.com",1738226920
"82","wongmm85@protonmail.com",1738368062
"83","millerms81@mail.com",1735768554
"84","millerms81@mail.com",1735847532
"85","millerms81@mail.com",1735926422
"86","millerms81@mail.com",1736004577
"87","millerms81@mail.com",1736083455
"88","millerms81@mail.com",1736162680
"89","millerms81@mail.com",1736241234
"90","millerms81@mail.com",1736319468
"91","millerms81@mail.com",1736398593
"92","millerms81@mail.com",1736477813
"93","millerms81@mail.com",1736556237
"94","millerms81@mail.com",1736634672
"95","millerms81@mail.com",1736714188
"96","millerms81@mail.com",1736792365
"97","millerms81@mail.com",1736871239
"98","millerms81@mail.com",1736949600
"99","millerms81@mail.com",1737028944
"100","millerms81@mail.com",1737108037
"101","millerms81@mail.com",1737186198
"102","millerms81@mail.com",1737265208
"103","millerms81@mail.com",1737343798
"104","millerms81@mail.com",1737422746
"105","millerms81@mail.com",1737501130
"106","millerms81@mail.com",1737580724
"107","millerms81@mail.com",1737659129
"108","millerms81@mail.com",1737737992
"109","millerms81@mail.com",1737816736
"110","millerms81@mail.com",1737895375
"111","millerms81@mail.com",1737974124
"112","millerms81@mail.com",1738053047
"113","millerms81@mail.com",1738131705
"114","millerms81@mail.com",1738210172
"115","millerms81@mail.com",1738289543
"116","millerms81@mail.com",1738367594
"117","nelsonm93@proton.me",1735788734
"118","nelsonm93@proton.me",1735887636
"119","nelsonm93@proton.me",1735987469
"120","nelsonm93@proton.me",1736086140
"121","nelsonm93@proton.me",1736185566
"122","nelsonm93@proton.me",1736284377
"123","nelsonm93@proton.me",1736384234
"124","nelsonm93@proton.me",1736483478
"125","nelsonm93@proton.me",1736582533
"126","nelsonm93@proton.me",1736681439
"127","nelsonm93@proton.me",1736780859
"128","nelsonm93@proton.me",1736880133
"129","nelsonm93@proton.me",1736979485
"130","nelsonm93@proton.me",1737077987
"131","nelsonm93@proton.me",1737177351
"132","nelsonm93@proton.me",1737276376
"133","nelsonm93@proton.me",1737375774
"134","nelsonm93@proton.me",1737475342
"135","nelsonm93@proton.me",1737574080
"136","nelsonm93@proton.me",1737673657
"137","nelsonm93@proton.me",1737772626
"138","nelsonm93@proton.me",1737871713
"139","nelsonm93@proton.me",1737970804
"140","nelsonm93@proton.me",1738070241
"141","nelsonm93@proton.me",1738169180
"142","nelsonm93@proton.me",1738268742
"143","nelsonm93@proton.me",1738367889
"144","garciamt01@gmail.com",1735731751
"145","garciamt01@gmail.com",1735774470
"146","garciamt01@gmail.com",1735816980
"147","garciamt01@gmail.com",1735859658
"148","garciamt01@gmail.com",1735901782
"149","garciamt01@gmail.com",1735944550
"150","garciamt01@gmail.com",1735987162
"151","garciamt01@gmail.com",1736029915
"152","garciamt01@gmail.com",1736072416
"153","garciamt01@gmail.com",1736114674
"154","garciamt01@gmail.com",1736157350
"155","garciamt01@gmail.com",1736199450
"156","garciamt01@gmail.com",1736242340
"157","garciamt01@gmail.com",1736284920
"158","garciamt01@gmail.com",1736326839
"159","garciamt01@gmail.com",1736369825
"160","garciamt01@gmail.com",1736412357
"161","garciamt01@gmail.com",1736454452
"162","garciamt01@gmail.com",1736497706
"163","garciamt01@gmail.com",1736540227
"164","garciamt01@gmail.com",1736581927
"165","garciamt01@gmail.com",1736625371
"166","garciamt01@gmail.com",1736667171
"167","garciamt01@gmail.com",1736710201
"168","garciamt01@gmail.com",1736752083
"169","garciamt01@gmail.com",1736795031
"170","garciamt01@gmail.com",1736837770
"171","garciamt01@gmail.com",1736879692
"172","garciamt01@gmail.com",1736922020
"173","garciamt01@gmail.com",1736964844
"174","garciamt01@gmail.com",1737008004
"175","garciamt01@gmail.com",1737049626
"176","garciamt01@gmail.com",1737092229
"177","garciamt01@gmail.com",1737135008
"178","garciamt01@gmail.com",1737177116
"179","garciamt01@gmail.com",1737220482
"180","garciamt01@gmail.com",1737262522
"181","garciamt01@gmail.com",1737305449
"182","garciamt01@gmail.com",1737347633
"183","garciamt01@gmail.com",1737390127
"184","garciamt01@gmail.com",1737432778
"185","garciamt01@gmail.com",1737475317
"186","garciamt01@gmail.com",1737518107
"187","garciamt01@gmail.com",1737560499
"188","garciamt01@gmail.com",1737602593
"189","garciamt01@gmail.com",1737645004
"190","garciamt01@gmail.com",1737687360
"191","garciamt01@gmail.com",1737730711
"192","garciamt01@gmail.com",1737772936
"193","garciamt01@gmail.com",1737815018
"194","garciamt01@gmail.com",1737858011
"195","garciamt01@gmail.com",1737900121
"196","garciamt01@gmail.com",1737942736
"197","garciamt01@gmail.com",1737985172
"198","garciamt01@gmail.com",1738027912
"199","garciamt01@gmail.com",1738070465
"200","garciamt01@gmail.com",1738112743
"201","garciamt01@gmail.com",1738155311
"202","garciamt01@gmail.com",1738197686
"203","garciamt01@gmail.com",1738240257
"204","garciamt01@gmail.com",1738282794
"205","garciamt01@gmail.com",1738325879
"206","garciamt01@gmail.com",1738368337
"207","andersonm64@yahoo.com",1735806246
"208","andersonm64@yahoo.com",1735922069
"209","andersonm64@yahoo.com",1736039150
"210","andersonm64@yahoo.com",1736155201
"211","andersonm64@yahoo.com",1736271389
"212","andersonm64@yahoo.com",1736387904
"213","andersonm64@yahoo.com",1736504282
"214","andersonm64@yahoo.com",1736621157
"215","andersonm64@yahoo.com",1736738081
"216","andersonm64@yahoo.com",1736854468
"217","andersonm64@yahoo.com",1736970740
"218","andersonm64@yahoo.com",1737087407
"219","andersonm64@yahoo.com",1737203041
"220","andersonm64@yahoo.com",1737320305
"221","andersonm64@yahoo.com",1737436682
"222","andersonm64@yahoo.com",1737552403
"223","andersonm64@yahoo.com",1737669223
"224","andersonm64@yahoo.com",1737785572
"225","andersonm64@yahoo.com",1737902649
"226","andersonm64@yahoo.com",1738018267
"227","andersonm64@yahoo.com",1738135339
"228","andersonm64@yahoo.com",1738251185
"229","andersonm64@yahoo.com",1738368311
"230","olsonmo44@gmail.com",1735763810
"231","olsonmo44@gmail.com",1735838335
"232","olsonmo44@gmail.com",1735912359
"233","olsonmo44@gmail.com",1735987329
"234","olsonmo44@gmail.com",1736061339
"235","olsonmo44@gmail.com",1736135974
"236","olsonmo44@gmail.com",1736210223
"237","olsonmo44@gmail.com",1736284662
"238","olsonmo44@gmail.com",1736358885
"239","olsonmo44@gmail.com",1736433212
"240","olsonmo44@gmail.com",1736507951
"241","olsonmo44@gmail.com",1736582121
"242","olsonmo44@gmail.com",1736657243
"243","olsonmo44@gmail.com",1736731148
"244","olsonmo44@gmail.com",1736805507
"245","olsonmo44@gmail.com",1736879653
"246","olsonmo44@gmail.com",1736954568
"247","olsonmo44@gmail.com",1737028373
"248","olsonmo44@gmail.com",1737103617
"249","olsonmo44@gmail.com",1737177307
"250","olsonmo44@gmail.com",1737252147
"251","olsonmo44@gmail.com",1737326434
"252","olsonmo44@gmail.com",1737400914
"253","olsonmo44@gmail.com",1737474916
"254","olsonmo44@gmail.com",1737549939
"255","olsonmo44@gmail.com",1737623674
"256","olsonmo44@gmail.com",1737698857
"257","olsonmo44@gmail.com",1737773299
"258","olsonmo44@gmail.com",1737847266
"259","olsonmo44@gmail.com",1737921484
"260","olsonmo44@gmail.com",1737995762
"261","olsonmo44@gmail.com",1738070253
"262","olsonmo44@gmail.com",1738144654
"263","olsonmo44@gmail.com",1738218839
"264","olsonmo44@gmail.com",1738293952
"265","olsonmo44@gmail.com",1738368145