{
  "name": "SQLite Dev Environment",
  "build": {
    "dockerfile": "Dockerfile"
  },
  "postCreateCommand": "echo 'Installing requirements...' && pip install --upgrade pip && pip install -r requirements.txt",
  "customizations": {
    "vscode": {
      "extensions": [
        "ms-python.python",
        "mechatroner.rainbow-csv",
        "ms-azuretools.vscode-docker",
        "qwtel.sqlite-viewer",
        "ms-toolsai.jupyter",
        "ms-toolsai.vscode-jupyter-cell-tags",
        "ms-toolsai.jupyter-keymap",
        "ms-toolsai.jupyter-renderers",
        "ms-toolsai.vscode-jupyter-slideshow"
      ]
    }
  },
  "features": {}
}